authorMeta/digg,authorMeta/fans,authorMeta/heart,webVideoUrl,isAd,isSponsored,playCount,diggCount,commentCount,shareCount,videoMeta/duration,videoMeta/subtitleLinks/1/downloadLink,text
42,33,2553,https://www.tiktok.com/@coinecoinee/video/7502812971429612807,FALSE,FALSE,907,42,2,5,132,https://api.apify.com/v2/key-value-stores/QivrEtwtUGf4X1bXg/records/subtitle-coinecoine-20250510134618-7502812971429612807-vie-VN,Review khách sạn view triệu đô giữa lòng Bangkok  🇹🇭 Hotel Sala Rattanakosin 🇹🇭  #salarattanakosinbangkok #bangkokthailand #viral #travel #thailand #reviewbangkok  #coinecoine #dulichthailan #bangkoktrip #reviewdulich #travelvlog #xuhuong #WatArunView #reviewkhachsan #hotelbangkok #hotelthailand
1969,11500,215000,https://www.tiktok.com/@tony_khoa/video/7403386511242071304,FALSE,FALSE,10300,36,3,35,60,https://api.apify.com/v2/key-value-stores/QivrEtwtUGf4X1bXg/records/subtitle-tony_khoa-20240815152049-7403386511242071304-vie-VN,Midas hotel khách sạn đẹp giữa trung tâm phú nhuận #xuhuong #tiktok #review #reviewkhachsan #saigon #kháchsạn#kháchsạnn #khachsangiare #tiktokviral #midashotel #khachsansaigon #hotelsaigon #xuhuongtiktok 
170,2255,59700,https://www.tiktok.com/@ponhaydi79/video/7374798463759863056,FALSE,FALSE,240300,6837,312,1314,130,https://api.apify.com/v2/key-value-stores/QivrEtwtUGf4X1bXg/records/subtitle-ponhaydi79-20240530142440-7374798463759863056-vie-VN,"✨ vlog riviu khách sạn Nha Trang và lần này là Queen An 👍 xịn xò dã man luôn mng, ngay trục đường biển , có nhiều loại phòng mà phòng nào cũng sẽ được trang trí rất đẹp, tone xanh dương dễ chịu 🥰 hè này ra Nha Trang du lịch có thể check Queen Ann Hotel này nhaaa , ưng thì ớiiii Pon ngay 😎#xuhuong #trending #nhatrang #dulichnhatrang #ponhaydi #nhatrangduhi #tiktok #fyp #dulich #travel #reviewkhachsan #khachsannhatrang #hotelnhatrang #khachsannhatrangviewbien #longervideos "
1829,377,2333,https://www.tiktok.com/@royals.home/video/7388366304249466128,FALSE,FALSE,40400,194,45,45,52,https://api.apify.com/v2/key-value-stores/QivrEtwtUGf4X1bXg/records/subtitle-royalshome-20240706035453-7388366304249466128-vie-VN,Đến Sài Gòn ở đâu vừa r.ẻ lại vừa tiện hả mọi người ? #dulichsaigon #reviewkhachsan #dulich #xuhuongtiktok #benhvienphapviet #khachsandep #travel 
900,1076,4642,https://www.tiktok.com/@anhkaimi/video/7251448146293804294,FALSE,FALSE,1698,40,8,4,46,https://api.apify.com/v2/key-value-stores/QivrEtwtUGf4X1bXg/records/subtitle-anhkaimi-20230703044223-7251448146293804294-vie-VN,Review Khách Sạn 80 phòng ở trung tâm Hà Nội #anhkaimi #reviewkhachsan  #khoathetukhachsan  #review 
1829,377,2333,https://www.tiktok.com/@royals.home/video/7386547348589022465,FALSE,FALSE,21600,106,23,42,60,https://api.apify.com/v2/key-value-stores/QivrEtwtUGf4X1bXg/records/subtitle-royalshome-20240701061624-7386547348589022465-vie-VN,Khám phá Khách Sạn mới khai trương thì có gì ? ☘️ THE ROYAL VISTA Thuộc hệ thống Khách Sạn THE ROYAL PHÚ MỸ HƯNG #dulichsaigon #reviewkhachsan #khachsanquan7 #khachsantheroyalphumyhung #benhvienphapviet #xuhuongtiktok #thuephonggiare 
579,119900,1300000,https://www.tiktok.com/@giadinhamber/video/7446760681061354770,FALSE,FALSE,105600,7697,64,138,62,https://api.apify.com/v2/key-value-stores/QivrEtwtUGf4X1bXg/records/subtitle-giadinhamb-20241210123447-7446760681061354770-vie-VN,Review nhanh Lacasa hotel 3* tại Sapa #reviewkhachsan #hotel #travel #tiktok #khachsan #sapa #giadinhamber 
149,139,2142,https://www.tiktok.com/@quangvutravel/video/7502657083859307784,FALSE,FALSE,1041,20,7,1,26,https://api.apify.com/v2/key-value-stores/QivrEtwtUGf4X1bXg/records/subtitle-quangvutra-20250510034124-7502657083859307784-vie-VN,"#chiclandhotel Đ𝐀̀ 𝐍𝐀̆̃𝐍𝐆 - khách sạn lấy cảm hứng từ thiên nhiên và hướng tới sự tự nhiên như trong hơi thở, du khách đến có thể cảm nhận ánh sáng từ nắng, gió và không khí biển tại Đà Nẵng🌊 #reviewdulich #reviewdanang #dulichdanang #khachsandanang #viralvideo #xuhuong #xuhuongtiktok         "
5041,288,12200,https://www.tiktok.com/@thungaangel/video/7446680439017737492,FALSE,FALSE,1051,13,4,2,50,https://api.apify.com/v2/key-value-stores/QivrEtwtUGf4X1bXg/records/subtitle-thungaange-20241210072327-7446680439017737492-vie-VN,Review khách sạn Cần Thơ 🤭#thungaangel #reviewkhachsan #magnolia #cantho #travel 
480,331,3026,https://www.tiktok.com/@reviewkhachsandanang43rv/video/7485352123186597137,FALSE,FALSE,3375,50,38,32,37,https://api.apify.com/v2/key-value-stores/QivrEtwtUGf4X1bXg/records/subtitle-reviewkhac-20250324122942-7485352123186597137-vie-VN,"Review khách sạn 4 sao Pavilion Hotel Danang vị trí đắc địa gần biển, gần cầu Rồng, đầy đủ tiện nghi z.á tốt  #reviewkhachsandanang #pavilionhoteldanang #khachsandanang #khachsandepdanang #hanigotravel"
38,60,557,https://www.tiktok.com/@nhipsongviet/video/7268157452464573702,FALSE,FALSE,3212,21,3,4,111,https://api.apify.com/v2/key-value-stores/QivrEtwtUGf4X1bXg/records/subtitle-nhipsongvi-20230817052302-7268157452464573702-vie-VN,Vũng Tàu 2023 - Green Hotel ✅ Khách sạn gần biển #reviewkhachsan #khachsanvungtau #review
63,3718,67100,https://www.tiktok.com/@antdooo/video/7452228152912284935,FALSE,FALSE,2460,85,11,3,128,https://api.apify.com/v2/key-value-stores/QivrEtwtUGf4X1bXg/records/subtitle-antdooo-20241225061123-7452228152912284935-vie-VN,Review khách sạn Novotel Darling Harbour Sydney. #duhocsinhuc #dulich #reviewkhachsan #sydney 
843,8649,58200,https://www.tiktok.com/@hienkido_daotaophiendich/video/7207018242332839170,FALSE,FALSE,12300,69,19,30,70,https://api.apify.com/v2/key-value-stores/QivrEtwtUGf4X1bXg/records/subtitle-hienkido_d-20230305111146-7207018242332839170-vie-VN,Review khách sạn con nhộng sân bay Kansai phòng thương gia#khachsan #khachsanconnhong #hotelcabin #kansaiairport #reviewkhachsan  
1829,377,2333,https://www.tiktok.com/@royals.home/video/7386181438779051281,FALSE,FALSE,1283,10,1,0,55,https://api.apify.com/v2/key-value-stores/QivrEtwtUGf4X1bXg/records/subtitle-royalshome-20240630063630-7386181438779051281-vie-VN,Tiêu chí chọn khách sạn của Anh Chị như thế nào?  KHÁCH SẠN THE ROYAL VISTA Thuộc hệ thống khách sạn THE ROYAL - PHÚ MỸ HƯNG ☘️ #reviewkhachsan #dulichsaigon #khachsanquan7 #khachsanphumyhung #khachsantheroyalphumyhung #dulich 
1829,377,2333,https://www.tiktok.com/@royals.home/video/7408445523327192321,FALSE,FALSE,2268,22,3,5,59,https://api.apify.com/v2/key-value-stores/QivrEtwtUGf4X1bXg/records/subtitle-royalshome-20240829063228-7408445523327192321-vie-VN,Xem hết video để biết lý do vì sao nên chọn Phú Mỹ Hưng là nơi nghỉ dưỡng ☘️  #phonggiarequan7 #khachsantheroyalphumyhung #khachsanquan7 #reviewkhachsanquan7 #dichvukhachsan #phongdep #reviewkhachsan #phumyhung #khachsantheroyalphumyhung 
15800,200300,9900000,https://www.tiktok.com/@minhphat.foodaholic/video/7401826073710841095,FALSE,FALSE,851700,21400,516,6368,84,https://api.apify.com/v2/key-value-stores/QivrEtwtUGf4X1bXg/records/subtitle-minhphatfo-20240811102533-7401826073710841095-vie-VN,Khách sạn có bồn tấm view biển đẹp nhất Vũng Tàu. #learnontiktok #minhphatreview #reviewkhachsan #MCV 
3753,59900,340100,https://www.tiktok.com/@mynbabie/video/7418178421445987591,FALSE,FALSE,308200,2951,293,1705,29,https://api.apify.com/v2/key-value-stores/QivrEtwtUGf4X1bXg/records/subtitle-mynbabie-20240924120100-7418178421445987591-vie-VN,"Một trong những resort mà Myn rất thích, tiêu chuẩn 4 sao lại còn ngay trung tâm thành phố rất tiện luôn  #dalat #reviewdalat #xh #dulich #dalatreview #mercuredalatresort #mynbabie "
8847,32200,1000000,https://www.tiktok.com/@dannie.linhdan_/video/7338423237543546114,FALSE,FALSE,1200000,29900,671,4100,70,https://api.apify.com/v2/key-value-stores/QivrEtwtUGf4X1bXg/records/subtitle-dannielinh-20240222135011-7338423237543546114-vie-VN,Khach sạn đỉnh nhất Vũng Tàu trong lòng toai😋 #dannielinhdan #learnontiktok #theimperialhotel #vungtau #khachsanvungtau #5sao #reviewkhachsan 
3753,59900,340100,https://www.tiktok.com/@mynbabie/video/7420776857169136903,FALSE,FALSE,246800,4803,435,1876,37,https://api.apify.com/v2/key-value-stores/QivrEtwtUGf4X1bXg/records/subtitle-mynbabie-20241001120415-7420776857169136903-vie-VN,Khách sạn sát biển Vũng Tàu chỉ 99 cành/người  #xh #dulich #vungtau #reviewvungtau #bellavthotel  #khachsanvungtau #mynbabie #travel 
47,400,6983,https://www.tiktok.com/@hotel.anh.th/video/7468605017998494994,FALSE,FALSE,116800,4568,823,577,27,https://api.apify.com/v2/key-value-stores/QivrEtwtUGf4X1bXg/records/subtitle-hotelanhth-20250207092159-7468605017998494994-vie-VN,Giá phòng chỉ từ 350. Khách sạn mới thoáng mát #fyp #khachsanphanthietgiare #xuhuong #hotelphanthiet #phanthietodau #khachsanganbien #khachsangiare #hotel #beachvibes 
13300,672400,14400000,https://www.tiktok.com/@anchoivungtau72/video/7501225796523134215,FALSE,FALSE,43800,904,37,187,60,https://api.apify.com/v2/key-value-stores/QivrEtwtUGf4X1bXg/records/subtitle-anchoivung-20250506070716-7501225796523134215-vie-VN,Khách sạn view biển Vũng Tàu nằm ngay đối diện công viên Bãi Sau đang hot #vungtau #anchoivungtau72 #vungtaureview #fyp #dulichvungtau #dulichtinhbariavungtau #xuhuong #khachsanvungtau #khachsanhoangphat #khachsan 
16,34,152,https://www.tiktok.com/@huylonton_/video/7337487373166595346,FALSE,FALSE,2849,26,7,7,118,https://api.apify.com/v2/key-value-stores/QivrEtwtUGf4X1bXg/records/subtitle-huylonton_-20240220011843-7337487373166595346-vie-VN,#huylonton #review #khachsan #hotelroom #hotel #phuquocisland 
1713,2727,37400,https://www.tiktok.com/@yeudanang24/video/7489796024127524102,FALSE,FALSE,609100,4464,276,746,56,https://api.apify.com/v2/key-value-stores/QivrEtwtUGf4X1bXg/records/subtitle-yeudanang2-20250405115355-7489796024127524102-vie-VN,1 em khách sạn xinh yêu cho team sắp đi Đà Nẵng nè #danang #dulichdanang #reviewdanang #Danang24 #dulich #khachsandanang #reviewdulich 
877,817,5413,https://www.tiktok.com/@ainhotelvn/video/7480139229096348936,FALSE,FALSE,53100,826,67,176,44,https://api.apify.com/v2/key-value-stores/QivrEtwtUGf4X1bXg/records/subtitle-ainhotelvn-20250310112035-7480139229096348936-vie-VN,Cùng Lướt Qua căn phòng Lúc Nào cũng Full tại Ain Hotel Quận 4 xem có gì Đặt Biệt #ainhotelvietnam #khachsan #hotel #khachsantphcm #TpHCM 
992,12700,43700,https://www.tiktok.com/@lacadanang.tiktok/video/7497989248482610439,FALSE,FALSE,30500,353,129,125,75,https://api.apify.com/v2/key-value-stores/QivrEtwtUGf4X1bXg/records/subtitle-lacadanang-20250427134747-7497989248482610439-vie-VN,Đi chơi ĐN hè này cả nhà chưa chọn đc ksan nào thì nhớ xem hết video này để lựa chọn đc khách sạn zá tốt và ưng ý nha #lacadanang #travel2025 #tiktok #dulichdanang2025 #2025 #locatravel #dulichdanang #fromdanang #summerdanang2025 #chaohe2025 #he2025 #danang #khachsandanang #hotelindanang 
1037,68500,1100000,https://www.tiktok.com/@khachsanbluesea/video/7500529806774177031,FALSE,FALSE,168600,1867,96,375,19,https://api.apify.com/v2/key-value-stores/QivrEtwtUGf4X1bXg/records/subtitle-khachsanbl-20250504100627-7500529806774177031-vie-VN,Đi Vũng Tàu tắm biển đi 🥰 #tambienvungtau #vungtau #divungtau #reviewvungtau #dulichvungtau #reviewkhachsanvungtau #baisauvungtau🏖🏖🏖🌅🌅🌅 #baisauvungtau🏖🏖🏖🌅🌅 #bienvungtau #bienvungtau🌊 #bienvungtau🏊🏊🏊 #bienvungtau🌊🌊 #dulichtinhbariavungtau #xuhuong 
13300,672400,14400000,https://www.tiktok.com/@anchoivungtau72/video/7489125187917663494,FALSE,FALSE,553800,9533,689,3584,82,https://api.apify.com/v2/key-value-stores/QivrEtwtUGf4X1bXg/records/subtitle-anchoivung-20250403163042-7489125187917663494-vie-VN,Khách sạn view biển đối diện Bãi Sau Vũng Tàu #anchoivungtau72 #dulichtinhbariavungtau #vungtau #xuhuong #fyp #dulichvungtau #dulich #khachsanhoangphat #khachsan #khachsanvungtau #khachsanviewbien 
4249,10700,35900,https://www.tiktok.com/@trunglereview/video/7410817377555827969,FALSE,FALSE,181300,2112,399,1315,86,https://api.apify.com/v2/key-value-stores/QivrEtwtUGf4X1bXg/records/subtitle-trunglerev-20240904155635-7410817377555827969-vie-VN,Resort siêu rẻ tại Hồ Tràm bạn biết chưaaaaa  #reviewkhachsanvungtau #khachsanvungtau #homestayvungtau #xuhuong #dulichvungtau #vungtau #hotram #dulichhotram #vietsovpetroresort 
225,66500,649300,https://www.tiktok.com/@riviuphanthiet/video/7254130353307143430,FALSE,FALSE,440000,5404,231,2041,87,https://api.apify.com/v2/key-value-stores/QivrEtwtUGf4X1bXg/records/subtitle-riviuphant-20230710101042-7254130353307143430-vie-VN,Một chiếc khách sạn view biển xịn xò ngay trung tâm Phan Thiết chỉ 5.0.0k thôi  #riviuphanthiet #reviewphanthiet #khachsanviewbien #khachsanphanthiet #blueoceanhotel #dulichphanthiet #biển #xuhuongtiktok #phanthiet #foryou #fyp 
1713,2727,37400,https://www.tiktok.com/@yeudanang24/video/7495724029962226952,FALSE,FALSE,263100,2815,152,437,46,https://api.apify.com/v2/key-value-stores/QivrEtwtUGf4X1bXg/records/subtitle-yeudanang2-20250421111735-7495724029962226952-vie-VN,+1 khách sạn view biển siêu hạt dẻ cho team sắp đi Đà Nẵng nghỉ lễ nha #dulichdanang #danang #reviewdanang #dulich #khachsandanang #reviewdulich #Danang24 
655,6206,77700,https://www.tiktok.com/@tieutholucdien/video/7364274140519419153,FALSE,FALSE,2300000,39300,1539,1409,82,https://api.apify.com/v2/key-value-stores/QivrEtwtUGf4X1bXg/records/subtitle-tieutholuc-20240502054501-7364274140519419153-vie-VN,Thất vọng dịch vụ tệ của InterContinental Hồ Tràm 🥲 #badservice #badreview #reviewkhachsan #khachsanhotram #hồtràm #hotram #kháchsạn5sao #hotelreview #resort #reviewresort #thegrandhotram #intercontinental #intercontinentalhotram #dulich #travel #dulichbien #biển #resortreview #resorthotram #summer #hotram🏝 #reviewdulich #travelreviews #travelblogger #travelblog 
1886,36200,429300,https://www.tiktok.com/@hantours.com.vn/video/7488158826798042373,FALSE,FALSE,912500,7464,260,1561,31,https://api.apify.com/v2/key-value-stores/QivrEtwtUGf4X1bXg/records/subtitle-hantoursco-20250401020045-7488158826798042373-vie-VN,Khách sạn có view săn bình minh đẹp nhất nhì Nha Trang 🏖️ #hantours #grandgosiahotel #grandgosiahotelnhatrang #khachsannhatrang #reviewnhatrang #traveltiktok #hantoursbooking 
5972,2460,36600,https://www.tiktok.com/@thuilovenhatrang/video/7487242794210282807,FALSE,FALSE,517600,3092,166,503,31,https://api.apify.com/v2/key-value-stores/QivrEtwtUGf4X1bXg/records/subtitle-thuilovenh-20250329144606-7487242794210282807-vie-VN,Nha Trang khách sạn cứ bị rẻ rẻ ạ #xuhuongtiktok #khachsannhatrangviewbien #grandgosiahotel #nhatrangreview #khachsannhatrang #grandgosiahotelnhatrang 
213,3218,78300,https://www.tiktok.com/@mivandidauthe/video/7502674718256860434,FALSE,FALSE,3896,245,24,60,229,https://api.apify.com/v2/key-value-stores/QivrEtwtUGf4X1bXg/records/subtitle-mivandidau-20250510044949-7502674718256860434-vie-VN,Kinh nghiệm đi du lịch Hong Kong tự túc không khó - chỉ cần chuẩn bị kỹ một chút là mượt ngay 😍 #GoFlex #esim #esimdulich #angiohongkong #hongkong #dulichhongkong #hongkongangi #hongkongfoodie #foodie #foodlover #ReviewKhachSan #tiktoktravel #visa #evisa #octopus #tsimshatsui #mtr 
17600,22600,1200000,https://www.tiktok.com/@anlanhne/video/7500586465663913223,FALSE,FALSE,100600,4822,117,1401,79,https://api.apify.com/v2/key-value-stores/QivrEtwtUGf4X1bXg/records/subtitle-anlanhne-20250504134618-7500586465663913223-vie-VN,Một chiếc Home check-in tự động tại Rạch Giá | Tê Tê Home Rạch Giá.@Chiếc Home Tê Tê  #anlanhne #reviewrachgia #homestay #tetehome #khachsan #rachgia #checkintudong 
72,1246,18000,https://www.tiktok.com/@longhaichannel.resort/video/7501177984183733512,FALSE,FALSE,11600,242,20,109,19,https://api.apify.com/v2/key-value-stores/QivrEtwtUGf4X1bXg/records/subtitle-longhaicha-20250506040143-7501177984183733512-vie-VN,Trả lời @John Tran Gần Long Hải Channel Beach Resort là thư giãn ngay 😍 #longhai #phuochai #resortlonghai #khachsanlonghai #homestaylonghai #reviewlonghai 
441,224,1160,https://www.tiktok.com/@hotelkk_binhtan/video/7493860767167548690,FALSE,FALSE,5646,66,20,46,18,https://api.apify.com/v2/key-value-stores/QivrEtwtUGf4X1bXg/records/subtitle-hotelkk_bi-20250416104711-7493860767167548690-vie-VN,"Dạ em có nghe nói một câu là "" Khách hàng đến sẽ có thể quên, nhưng họ sẽ không bao giờ quên đi cảm giác và những hành động mà bạn đã làm. "" nên khách hàng đến với bên em cứ yên tâm về mặt phụ vụ nhée😂🤣 #hotelkk #khachsanbinhtan #xuhuong #hotel #nhanghi "
3075,49900,1500000,https://www.tiktok.com/@xiuthuhai/video/7391744189446311175,FALSE,FALSE,268900,5447,167,2081,31,https://api.apify.com/v2/key-value-stores/QivrEtwtUGf4X1bXg/records/subtitle-xiuthuhai-20240715062243-7391744189446311175-vie-VN,Với giá chưa đến 300🐠 mà thuê được khách sạn như này ở Nha Trang. Có rẻ quá hong dọooo? #viral #betixiuriviu #nhatrang #senia #dulich #xuhuong 
6002,12900,143100,https://www.tiktok.com/@vuongbookingnhatrang/video/7496099480828267784,FALSE,FALSE,122700,4915,113,1884,41,https://api.apify.com/v2/key-value-stores/QivrEtwtUGf4X1bXg/records/subtitle-vuongbooki-20250422113430-7496099480828267784-vie-VN,Điểm chụp ảnh xinh xinh ở Nha Trang 🏝️#nhatrang #vuongnhatrang #reviewdulichnhatrang #khachsanviewbiennhatrang 
6564,318300,5400000,https://www.tiktok.com/@kenhcuathithanh/video/7419571628075502866,FALSE,FALSE,2500000,76800,1853,5227,147,https://api.apify.com/v2/key-value-stores/QivrEtwtUGf4X1bXg/records/subtitle-kenhcuathi-20240928060723-7419571628075502866-vie-VN,TRÃI NGHIỆM KHÁCH SẠN 6 SAO ĐẦU TIÊN & ĐẲNG CẤP BẬT NHẤT  TẠI SÀI GÒN  SẼ NHƯ THẾ NÀO !?? #timesquare #TheReverie #sàigon #kenhcuathithanh #fyp #xuhuongtiktok #lamdepmoingay #thoitrangtiktok @Tâm Tuệ Anh - Trạm Chữa Lành @Tienthanhclothes 
8420,172100,3300000,https://www.tiktok.com/@soccon113/video/7438450752168725767,FALSE,FALSE,208200,4786,79,228,24,https://api.apify.com/v2/key-value-stores/QivrEtwtUGf4X1bXg/records/subtitle-soccon113-20241118030804-7438450752168725767-vie-VN,Mường Thanh Gia Lai về đêm...#review #fyp #reviewpleiku #reviewgialai #soccon113 #soccon81 #gialai81 #muongthanh #khachsanmuongthanh 
644,25400,313400,https://www.tiktok.com/@goldencampnamdu/video/7395386457004707090,FALSE,FALSE,1400000,13900,486,367,31,https://api.apify.com/v2/key-value-stores/QivrEtwtUGf4X1bXg/records/subtitle-goldencamp-20240725015636-7395386457004707090-vie-VN,"Từ TP. Hồ Chí Minh đi Quần Đảo Nam Du, Kiên Giang. Tụi mình gợi ý xe Phương Trang, hãng xe chạy liên tục đến Rạch Giá để đến Bến Tàu Cao Tốc đi Quần Đảo Nam Du nha mọi người 😊 #goldentourismkiengiang #nhanghinamdu #khachsannamdu #reviewnamdu #honson #tourhonson #khachsanhonson #nhanghihonson #reviewhonson #honsonkiengiang #kiengiang #vetaucaotoc #rachgia "
255,8586,13200,https://www.tiktok.com/@kenhcuatinan/video/7496818361666407688,FALSE,FALSE,69800,734,58,207,85,https://api.apify.com/v2/key-value-stores/QivrEtwtUGf4X1bXg/records/subtitle-kenhcuatin-20250424100411-7496818361666407688-vie-VN,"Chuyến đi Long Hải khiến mình bất ngờ thật sự… Chỉ hơn 1 triệu/đêm, mà cảm giác nhận lại phải tầm 4-5 sao luôn á mọi người! Nội thất mới tinh, view hồ bơi xanh mát, sáng ăn sáng chill chill dưới bóng cây… Nếu bạn đang tìm 1 nơi nghỉ dưỡng yên bình, không quá đông đúc thì chỗ này nên thử 1 lần nha! #rev#reviewkhachsanl#dulichlonghain#longhairesorte#checkinvungtaus#resortdept#hotelmoil#dulichcungconv#reviewdulichb#mebimreviewiphayho"
